Timestamp,Unix_Time,Intensity_Pixels,Comments
2025-11-14 17:00:05.428,1763139605.429,43,Valid Event
2025-11-14 17:00:16.306,1763139616.306,95,Valid Event
2025-11-14 17:00:23.644,1763139623.645,28,Valid Event
2025-11-14 17:00:51.288,1763139651.289,35,Valid Event
2025-11-14 17:00:54.968,1763139654.969,16,Valid Event
2025-11-14 17:01:02.335,1763139662.335,13,Valid Event
2025-11-14 17:01:12.508,1763139672.509,16,Valid Event
2025-11-14 17:01:26.350,1763139686.350,95,Valid Event
2025-11-14 17:01:45.653,1763139705.653,32,Valid Event
2025-11-14 17:01:56.142,1763139716.143,46,Valid Event
2025-11-14 17:02:05.333,1763139725.333,95,Valid Event
2025-11-14 17:02:14.896,1763139734.896,14,Valid Event
2025-11-14 17:02:21.692,1763139741.692,10,Valid Event
2025-11-14 17:02:32.191,1763139752.191,21,Valid Event
2025-11-14 17:02:36.843,1763139756.843,47,Valid Event
